date, value
01/08/1980,648.75
01/09/1980,665.42
01/10/1980,676.85
01/11/1980,724.78
01/12/1980,698.07
01/01/1981,676.91
01/02/1981,670.66
01/03/1981,707.05
01/04/1981,724.13
01/05/1981,740.8
01/06/1981,708.95
01/07/1981,687.8
01/08/1981,631.29
01/09/1981,575.02
01/10/1981,622.23
01/11/1981,639.75
01/12/1981,620.23
01/01/1982,594.75
01/02/1982,564.67
01/03/1982,553.3
01/04/1982,579.4
01/05/1982,554.9
01/06/1982,525.72
01/07/1982,510.92
01/08/1982,541.48
01/09/1982,570.64
01/10/1982,644.69
01/11/1982,705.76
01/12/1982,708.85
01/01/1983,755.98
01/02/1983,792.7
01/03/1983,823.5
01/04/1983,884.75
01/05/1983,926.5
01/06/1983,953.55
01/07/1983,905.8
01/08/1983,868.78
01/09/1983,876.9
01/10/1983,809.37
01/11/1983,840.44
01/12/1983,818.81
01/01/1984,784.35
01/02/1984,734.22
01/03/1984,727.76
01/04/1984,714.61
01/05/1984,670.29
01/06/1984,688.04
01/07/1984,656.94
01/08/1984,725.47
01/09/1984,708.58
01/10/1984,698.27
01/11/1984,685.26
01/12/1984,698.55
01/01/1985,786.49
01/02/1985,798.32
01/03/1985,781.2
01/04/1985,781.47
01/05/1985,806.97
01/06/1985,819.59
01/07/1985,832.19
01/08/1985,820.76
01/09/1985,770.54
01/10/1985,801.16
01/11/1985,857.53
01/12/1985,885.03
01/01/1986,912.03
01/02/1986,979.28
01/03/1986,1025.18
01/04/1986,1050.35
01/05/1986,1094.15
01/06/1986,1102.55
01/07/1986,1009.84
01/08/1986,1039.19
01/09/1986,947.59
01/10/1986,973.8
01/11/1986,969.84
01/12/1986,939.67
01/01/1987,1049.65
01/02/1987,1133.9
01/03/1987,1142.35
01/04/1987,1103.83
01/05/1987,1096.23
01/06/1987,1113.99
01/07/1987,1137.7
01/08/1987,1183.91
01/09/1987,1150.29
01/10/1987,834.76
01/11/1987,787.42
01/12/1987,852.69
01/01/1988,886.91
01/02/1988,941.72
01/03/1988,957.1
01/04/1988,963.93
01/05/1988,938.34
01/06/1988,995.83
01/07/1988,972.9
01/08/1988,942.25
01/09/1988,963.43
01/10/1988,947.45
01/11/1988,919.46
01/12/1988,942.44
01/01/1989,986.4
01/02/1989,978.47
01/03/1989,989.91
01/04/1989,1033.94
01/05/1989,1073.11
01/06/1989,1044.28
01/07/1989,1085.94
01/08/1989,1121.16
01/09/1989,1126.45
01/10/1989,1079.77
01/11/1989,1078.68
01/12/1989,1073.78
01/01/1990,971.72
01/02/1990,990.41
01/03/1990,1007.31
01/04/1990,970.43
01/05/1990,1057.54
01/06/1990,1059.59
01/07/1990,1000.41
01/08/1990,862.27
01/09/1990,772.71
01/10/1990,735.45
01/11/1990,799
01/12/1990,831.71
01/01/1991,916.21
01/02/1991,1000.9
01/03/1991,1063.47
01/04/1991,1067.35
01/05/1991,1111.42
01/06/1991,1041.79
01/07/1991,1097.46
01/08/1991,1145.46
01/09/1991,1143.33
01/10/1991,1176.64
01/11/1991,1131.62
01/12/1991,1265.91
01/01/1992,1337.17
01/02/1992,1360.69
01/03/1992,1290.26
01/04/1992,1234.9
01/05/1992,1247.3
01/06/1992,1196.52
01/07/1992,1230.78
01/08/1992,1189.87
01/09/1992,1228.95
01/10/1992,1270.86
01/11/1992,1368.77
01/12/1992,1420.24
01/01/1993,1453.96
01/02/1993,1395.2
01/03/1993,1430.64
01/04/1993,1367.16
01/05/1993,1446.59
01/06/1993,1451.54
01/07/1993,1453.09
01/08/1993,1527.28
01/09/1993,1565.22
01/10/1993,1592.03
01/11/1993,1540.46
01/12/1993,1586.23
01/01/1994,1629.76
01/02/1994,1607.98
01/03/1994,1503.28
01/04/1994,1482.36
01/05/1994,1483.61
01/06/1994,1420.39
01/07/1994,1448.65
01/08/1994,1529.71
01/09/1994,1523.23
01/10/1994,1547.98
01/11/1994,1492.39
01/12/1994,1495.65
01/01/1995,1496.05
01/02/1995,1566.03
01/03/1995,1606.63
01/04/1995,1654.2
01/05/1995,1691.12
01/06/1995,1822.09
01/07/1995,1954.36
01/08/1995,1986.15
01/09/1995,2027.6
01/10/1995,2006.85
01/11/1995,2052.73
01/12/1995,2040.08
01/01/1996,2043.28
01/02/1996,2114.3
01/03/1996,2105.88
01/04/1996,2267.94
01/05/1996,2363.76
01/06/1996,2251.54
01/07/1996,2048.8
01/08/1996,2160.86
01/09/1996,2315.2
01/10/1996,2297.66
01/11/1996,2426.23
01/12/1996,2423.26
01/01/1997,2581.7
01/02/1997,2441.29
01/03/1997,2273.58
01/04/1997,2342.49
01/05/1997,2604.6
01/06/1997,2677.92
01/07/1997,2956.52
01/08/1997,2938.13
01/09/1997,3113.47
01/10/1997,2935.43
01/11/1997,2949.81
01/12/1997,2898.87
01/01/1998,2982.86
01/02/1998,3255.97
01/03/1998,3368.47
01/04/1998,3422.93
01/05/1998,3253.55
01/06/1998,3459.8
01/07/1998,3415.24
01/08/1998,2731.63
01/09/1998,3082.79
01/10/1998,3215.07
01/11/1998,3538.42
01/12/1998,3981.93
01/01/1999,4540.67
01/02/1999,4141.33
01/03/1999,4440.37
01/04/1999,4554.26
01/05/1999,4424.7
01/06/1999,4810.84
01/07/1999,4712.34
01/08/1999,4881.52
01/09/1999,4868.94
01/10/1999,5250.58
01/11/1999,5901.67
01/12/1999,7198.61
01/01/2000,6950.78
01/02/2000,8233.3
01/03/2000,7952.15
01/04/2000,6709.83
01/05/2000,5903.98
01/06/2000,6849.47
01/07/2000,6490.52
01/08/2000,7247.54
01/09/2000,6295.21
01/10/2000,5765.44
01/11/2000,4442.46
01/12/2000,4227.06
01/01/2001,4713.64
01/02/2001,3643.05
01/03/2001,3110.04
01/04/2001,3561.63
01/05/2001,3535.07
01/06/2001,3614.58
01/07/2001,3399.5
01/08/2001,3027.71
01/09/2001,2503
01/10/2001,2831.09
01/11/2001,3239.51
01/12/2001,3286.42
01/01/2002,3251.1
01/02/2002,2898.51
01/03/2002,3072.51
01/04/2002,2795.71
01/05/2002,2675.65
01/06/2002,2421.61
01/07/2002,2195.61
01/08/2002,2166.87
01/09/2002,1928.04
01/10/2002,2183.45
01/11/2002,2428.16
01/12/2002,2198.25
01/01/2003,2163.65
01/02/2003,2174.81
01/03/2003,2167.33
01/04/2003,2372.18
01/05/2003,2588.57
01/06/2003,2630.56
01/07/2003,2809
01/08/2003,2920.26
01/09/2003,2873.4
01/10/2003,3108.93
01/11/2003,3163.86
01/12/2003,3235.44
01/01/2004,3322.37
01/02/2004,3245.68
01/03/2004,3168.82
01/04/2004,3041.52
01/05/2004,3127.13
01/06/2004,3212.98
01/07/2004,2966.93
01/08/2004,2887.66
01/09/2004,2974.25
01/10/2004,3080.98
01/11/2004,3268.93
01/12/2004,3402.39
01/01/2005,3219.42
01/02/2005,3184.27
01/03/2005,3078.81
01/04/2005,2940.12
01/05/2005,3166.44
01/06/2005,3149.21
01/07/2005,3329.68
01/08/2005,3262.57
01/09/2005,3223.23
01/10/2005,3169.85
01/11/2005,3364.86
01/12/2005,3336.65
01/01/2006,3461.04
01/02/2006,3417.52
01/03/2006,3486.29
01/04/2006,3430.44
01/05/2006,3202.95
01/06/2006,3186.46
01/07/2006,3059.82
01/08/2006,3188.28
01/09/2006,3313.12
01/10/2006,3490.9
01/11/2006,3591.72
01/12/2006,3562.55
01/01/2007,3624.44
01/02/2007,3534.83
01/03/2007,3511.38
01/04/2007,3636.13
01/05/2007,3729.67
01/06/2007,3720.02
01/07/2007,3638.62
01/08/2007,3717.99
01/09/2007,3857.74
01/10/2007,4074.25
01/11/2007,3767.92
01/12/2007,3758.28
01/01/2008,3369.7
01/02/2008,3193.7
01/03/2008,3177.07
01/04/2008,3344.14
01/05/2008,3466.13
01/06/2008,3120.75
01/07/2008,3146.47
01/08/2008,3217.46
01/09/2008,2847.05
01/10/2008,2366.31
01/11/2008,2151.33
