Date,Value,Year,
01/08/1980,648.75,1980,
01/09/1980,665.42,1980,
01/10/1980,676.85,1980,
01/11/1980,724.78,1980,
01/12/1980,698.07,1980,
01/01/1981,676.91,1981,
01/02/1981,670.66,1981,
01/03/1981,707.05,1981,
01/04/1981,724.13,1981,
01/05/1981,740.8,1981,
01/06/1981,708.95,1981,
01/07/1981,687.8,1981,
01/08/1981,631.29,1981,
01/09/1981,575.02,1981,
01/10/1981,622.23,1981,
01/11/1981,639.75,1981,
01/12/1981,620.23,1981,
01/01/1982,594.75,1982,
01/02/1982,564.67,1982,
01/03/1982,553.3,1982,
01/04/1982,579.4,1982,
01/05/1982,554.9,1982,
01/06/1982,525.72,1982,
01/07/1982,510.92,1982,
01/08/1982,541.48,1982,
01/09/1982,570.64,1982,
01/10/1982,644.69,1982,
01/11/1982,705.76,1982,
01/12/1982,708.85,1982,
01/01/1983,755.98,1983,
01/02/1983,792.7,1983,
01/03/1983,823.5,1983,
01/04/1983,884.75,1983,
01/05/1983,926.5,1983,
01/06/1983,953.55,1983,
01/07/1983,905.8,1983,
01/08/1983,868.78,1983,
01/09/1983,876.9,1983,
01/10/1983,809.37,1983,
01/11/1983,840.44,1983,
01/12/1983,818.81,1983,
01/01/1984,784.35,1984,
01/02/1984,734.22,1984,
01/03/1984,727.76,1984,
01/04/1984,714.61,1984,
01/05/1984,670.29,1984,
01/06/1984,688.04,1984,
01/07/1984,656.94,1984,
01/08/1984,725.47,1984,
01/09/1984,708.58,1984,
01/10/1984,698.27,1984,
01/11/1984,685.26,1984,
01/12/1984,698.55,1984,
01/01/1985,786.49,1985,
01/02/1985,798.32,1985,
01/03/1985,781.2,1985,
01/04/1985,781.47,1985,
01/05/1985,806.97,1985,
01/06/1985,819.59,1985,
01/07/1985,832.19,1985,
01/08/1985,820.76,1985,
01/09/1985,770.54,1985,
01/10/1985,801.16,1985,
01/11/1985,857.53,1985,
01/12/1985,885.03,1985,
01/01/1986,912.03,1986,
01/02/1986,979.28,1986,
01/03/1986,1025.18,1986,
01/04/1986,1050.35,1986,
01/05/1986,1094.15,1986,
01/06/1986,1102.55,1986,
01/07/1986,1009.84,1986,
01/08/1986,1039.19,1986,
01/09/1986,947.59,1986,
01/10/1986,973.8,1986,
01/11/1986,969.84,1986,
01/12/1986,939.67,1986,
01/01/1987,1049.65,1987,
01/02/1987,1133.9,1987,
01/03/1987,1142.35,1987,
01/04/1987,1103.83,1987,
01/05/1987,1096.23,1987,
01/06/1987,1113.99,1987,
01/07/1987,1137.7,1987,
01/08/1987,1183.91,1987,
01/09/1987,1150.29,1987,
01/10/1987,834.76,1987,
01/11/1987,787.42,1987,
01/12/1987,852.69,1987,
01/01/1988,886.91,1988,
01/02/1988,941.72,1988,
01/03/1988,957.1,1988,
01/04/1988,963.93,1988,
01/05/1988,938.34,1988,
01/06/1988,995.83,1988,
01/07/1988,972.9,1988,
01/08/1988,942.25,1988,
01/09/1988,963.43,1988,
01/10/1988,947.45,1988,
01/11/1988,919.46,1988,
01/12/1988,942.44,1988,
01/01/1989,986.4,1989,
01/02/1989,978.47,1989,
01/03/1989,989.91,1989,
01/04/1989,1033.94,1989,
01/05/1989,1073.11,1989,
01/06/1989,1044.28,1989,
01/07/1989,1085.94,1989,
01/08/1989,1121.16,1989,
01/09/1989,1126.45,1989,
01/10/1989,1079.77,1989,
01/11/1989,1078.68,1989,
01/12/1989,1073.78,1989,
01/01/1990,971.72,1990,
01/02/1990,990.41,1990,
01/03/1990,1007.31,1990,
01/04/1990,970.43,1990,
01/05/1990,1057.54,1990,
01/06/1990,1059.59,1990,
01/07/1990,1000.41,1990,
01/08/1990,862.27,1990,
01/09/1990,772.71,1990,
01/10/1990,735.45,1990,
01/11/1990,799,1990,
01/12/1990,831.71,1990,
01/01/1991,916.21,1991,
01/02/1991,1000.9,1991,
01/03/1991,1063.47,1991,
01/04/1991,1067.35,1991,
01/05/1991,1111.42,1991,
01/06/1991,1041.79,1991,
01/07/1991,1097.46,1991,
01/08/1991,1145.46,1991,
01/09/1991,1143.33,1991,
01/10/1991,1176.64,1991,
01/11/1991,1131.62,1991,
01/12/1991,1265.91,1991,
01/01/1992,1337.17,1992,
01/02/1992,1360.69,1992,
01/03/1992,1290.26,1992,
01/04/1992,1234.9,1992,
01/05/1992,1247.3,1992,
01/06/1992,1196.52,1992,
01/07/1992,1230.78,1992,
01/08/1992,1189.87,1992,
01/09/1992,1228.95,1992,
01/10/1992,1270.86,1992,
01/11/1992,1368.77,1992,
01/12/1992,1420.24,1992,
01/01/1993,1453.96,1993,
01/02/1993,1395.2,1993,
01/03/1993,1430.64,1993,
01/04/1993,1367.16,1993,
01/05/1993,1446.59,1993,
01/06/1993,1451.54,1993,
01/07/1993,1453.09,1993,
01/08/1993,1527.28,1993,
01/09/1993,1565.22,1993,
01/10/1993,1592.03,1993,
01/11/1993,1540.46,1993,
01/12/1993,1586.23,1993,
01/01/1994,1629.76,1994,
01/02/1994,1607.98,1994,
01/03/1994,1503.28,1994,
01/04/1994,1482.36,1994,
01/05/1994,1483.61,1994,
01/06/1994,1420.39,1994,
01/07/1994,1448.65,1994,
01/08/1994,1529.71,1994,
01/09/1994,1523.23,1994,
01/10/1994,1547.98,1994,
01/11/1994,1492.39,1994,
01/12/1994,1495.65,1994,
01/01/1995,1496.05,1995,
01/02/1995,1566.03,1995,
01/03/1995,1606.63,1995,
01/04/1995,1654.2,1995,
01/05/1995,1691.12,1995,
01/06/1995,1822.09,1995,
01/07/1995,1954.36,1995,
01/08/1995,1986.15,1995,
01/09/1995,2027.6,1995,
01/10/1995,2006.85,1995,
01/11/1995,2052.73,1995,
01/12/1995,2040.08,1995,
01/01/1996,2043.28,1996,
01/02/1996,2114.3,1996,
01/03/1996,2105.88,1996,
01/04/1996,2267.94,1996,
01/05/1996,2363.76,1996,
01/06/1996,2251.54,1996,
01/07/1996,2048.8,1996,
01/08/1996,2160.86,1996,
01/09/1996,2315.2,1996,
01/10/1996,2297.66,1996,
01/11/1996,2426.23,1996,
01/12/1996,2423.26,1996,
01/01/1997,2581.7,1997,
01/02/1997,2441.29,1997,
01/03/1997,2273.58,1997,
01/04/1997,2342.49,1997,
01/05/1997,2604.6,1997,
01/06/1997,2677.92,1997,
01/07/1997,2956.52,1997,
01/08/1997,2938.13,1997,
01/09/1997,3113.47,1997,
01/10/1997,2935.43,1997,
01/11/1997,2949.81,1997,
01/12/1997,2898.87,1997,
01/01/1998,2982.86,1998,
01/02/1998,3255.97,1998,
01/03/1998,3368.47,1998,
01/04/1998,3422.93,1998,
01/05/1998,3253.55,1998,
01/06/1998,3459.8,1998,
01/07/1998,3415.24,1998,
01/08/1998,2731.63,1998,
01/09/1998,3082.79,1998,
01/10/1998,3215.07,1998,
01/11/1998,3538.42,1998,
01/12/1998,3981.93,1998,
01/01/1999,4540.67,1999,
01/02/1999,4141.33,1999,
01/03/1999,4440.37,1999,
01/04/1999,4554.26,1999,
01/05/1999,4424.7,1999,
01/06/1999,4810.84,1999,
01/07/1999,4712.34,1999,
01/08/1999,4881.52,1999,
01/09/1999,4868.94,1999,
01/10/1999,5250.58,1999,
01/11/1999,5901.67,1999,
01/12/1999,7198.61,1999,
01/01/2000,6950.78,2000,
01/02/2000,8233.3,2000,
01/03/2000,7952.15,2000,
01/04/2000,6709.83,2000,
01/05/2000,5903.98,2000,
01/06/2000,6849.47,2000,
01/07/2000,6490.52,2000,
01/08/2000,7247.54,2000,
01/09/2000,6295.21,2000,
01/10/2000,5765.44,2000,
01/11/2000,4442.46,2000,
01/12/2000,4227.06,2000,
01/01/2001,4713.64,2001,
01/02/2001,3643.05,2001,
01/03/2001,3110.04,2001,
01/04/2001,3561.63,2001,
01/05/2001,3535.07,2001,
01/06/2001,3614.58,2001,
01/07/2001,3399.5,2001,
01/08/2001,3027.71,2001,
01/09/2001,2503,2001,
01/10/2001,2831.09,2001,
01/11/2001,3239.51,2001,
01/12/2001,3286.42,2001,
01/01/2002,3251.1,2002,
01/02/2002,2898.51,2002,
01/03/2002,3072.51,2002,
01/04/2002,2795.71,2002,
01/05/2002,2675.65,2002,
01/06/2002,2421.61,2002,
01/07/2002,2195.61,2002,
01/08/2002,2166.87,2002,
01/09/2002,1928.04,2002,
01/10/2002,2183.45,2002,
01/11/2002,2428.16,2002,
01/12/2002,2198.25,2002,
01/01/2003,2163.65,2003,
01/02/2003,2174.81,2003,
01/03/2003,2167.33,2003,
01/04/2003,2372.18,2003,
01/05/2003,2588.57,2003,
01/06/2003,2630.56,2003,
01/07/2003,2809,2003,
01/08/2003,2920.26,2003,
01/09/2003,2873.4,2003,
01/10/2003,3108.93,2003,
01/11/2003,3163.86,2003,
01/12/2003,3235.44,2003,
01/01/2004,3322.37,2004,
01/02/2004,3245.68,2004,
01/03/2004,3168.82,2004,
01/04/2004,3041.52,2004,
01/05/2004,3127.13,2004,
01/06/2004,3212.98,2004,
01/07/2004,2966.93,2004,
01/08/2004,2887.66,2004,
01/09/2004,2974.25,2004,
01/10/2004,3080.98,2004,
01/11/2004,3268.93,2004,
01/12/2004,3402.39,2004,
01/01/2005,3219.42,2005,
01/02/2005,3184.27,2005,
01/03/2005,3078.81,2005,
01/04/2005,2940.12,2005,
01/05/2005,3166.44,2005,
01/06/2005,3149.21,2005,
01/07/2005,3329.68,2005,
01/08/2005,3262.57,2005,
01/09/2005,3223.23,2005,
01/10/2005,3169.85,2005,
01/11/2005,3364.86,2005,
01/12/2005,3336.65,2005,
01/01/2006,3461.04,2006,
01/02/2006,3417.52,2006,
01/03/2006,3486.29,2006,
01/04/2006,3430.44,2006,
01/05/2006,3202.95,2006,
01/06/2006,3186.46,2006,
01/07/2006,3059.82,2006,
01/08/2006,3188.28,2006,
01/09/2006,3313.12,2006,
01/10/2006,3490.9,2006,
01/11/2006,3591.72,2006,
01/12/2006,3562.55,2006,
01/01/2007,3624.44,2007,
01/02/2007,3534.83,2007,
01/03/2007,3511.38,2007,
01/04/2007,3636.13,2007,
01/05/2007,3729.67,2007,
01/06/2007,3720.02,2007,
01/07/2007,3638.62,2007,
01/08/2007,3717.99,2007,
01/09/2007,3857.74,2007,
01/10/2007,4074.25,2007,
01/11/2007,3767.92,2007,
01/12/2007,3758.28,2007,
01/01/2008,3369.7,2008,
01/02/2008,3193.7,2008,
01/03/2008,3177.07,2008,
01/04/2008,3344.14,2008,
01/05/2008,3466.13,2008,
01/06/2008,3120.75,2008,
01/07/2008,3146.47,2008,
01/08/2008,3217.46,2008,
01/09/2008,2847.05,2008,
01/10/2008,2366.31,2008,
01/11/2008,2151.33,2008,
01/12/2008,2233.07,2008,
01/01/2009,2081.75,2009,
01/02/2009,1933.11,2009,
01/03/2009,2140.03,2009,
01/04/2009,2397.35,2009,
01/05/2009,2469.87,2009,
01/06/2009,2532.36,2009,
01/07/2009,2734.29,2009,
01/08/2009,2770.49,2009,
01/09/2009,2924.69,2009,
01/10/2009,2816.12,2009,
01/11/2009,2950.97,2009,
01/12/2009,3129.16,2009,
01/01/2010,2950.46,2010,
01/02/2010,3075.37,2010,
01/03/2010,3280.41,2010,
01/04/2010,3361.99,2010,
01/05/2010,3080.86,2010,
01/06/2010,2881.22,2010,
01/07/2010,3079.92,2010,
01/08/2010,2883.54,2010,
01/09/2010,3228.43,2010,
01/10/2010,3412.59,2010,
01/11/2010,3400.09,2010,
01/12/2010,3602.6,2010,
